receta,ingrediente_original,cantidad,unidad,ingrediente_estandar
Iogurt grec amb fraules,Iogurt grec 200g,200.0,g,iogurt grec
Iogurt grec amb fraules,Fraules 100-150g,150.0,g,fraules
Iogurt grec amb fraules,Nous i ametlles 30g,30.0,g,nous i ametlles
Iogurt grec amb fraules,Xía 10-20g,20.0,g,xia
Iogurt grec amb fraules,Canyella al gust,,,canyella
Solomillo de vedella Strogonoff i arròs basmati,Solomillo de vedella 150-200g,200.0,g,solomillo de vedella
Solomillo de vedella Strogonoff i arròs basmati,Xampinyons 100g,100.0,g,xampinyons
Solomillo de vedella Strogonoff i arròs basmati,Ceba blanca 50g,50.0,g,ceba blanca
Solomillo de vedella Strogonoff i arròs basmati,Alls 2,40.0,g,alls
Solomillo de vedella Strogonoff i arròs basmati,Julivert fresc 3g,,,julivert
Solomillo de vedella Strogonoff i arròs basmati,Oli d’oliva verge 7g (½ cullerada),,,oli d'oliva
Solomillo de vedella Strogonoff i arròs basmati,Mantega 10g,10.0,g,mantega
Solomillo de vedella Strogonoff i arròs basmati,Nata líquida 30g,30.0,ml,nata liquida
Solomillo de vedella Strogonoff i arròs basmati,"Tomí (sec) 0,5g (3g si fresc)",,,tomi sec
Solomillo de vedella Strogonoff i arròs basmati,Agua 10g,,,aigua
Solomillo de vedella Strogonoff i arròs basmati,Sal i pebre bo al gust,,,sal i pebre
Espàrrecs embolicats en pernil,½ manat d’espàrrecs,250.0,g,esparrecs
Espàrrecs embolicats en pernil,3-4 llesques de pernil salat,80.0,g,lesques de pernil salat
Espàrrecs embolicats en pernil,Oli d’oliva,,,oli d'oliva
Mini amanida verda,20g d'enciam roman,20.0,g,enciam roman
Mini amanida verda,15g de ruca,15.0,g,ruca
Mini amanida verda,20g d'espinacs,20.0,g,espinacs
Mini amanida verda,15g de kale,15.0,g,kale
Mini amanida verda,15ml d'oli d'oliva (1 cullerada),,,oli d'oliva
Mini amanida verda,5ml de vinagre (opcional),5.0,ml,vinagre
Mini amanida verda,Sal,,,sal i pebre
Cuinat de llenties,150g de llenties crues,150.0,g,llenties crues
Cuinat de llenties,750ml d'aigua,,,aigua
Cuinat de llenties,2 dents d'all,4.0,g,alls
Cuinat de llenties,1 full de llorer,1.0,,full de llorer
Cuinat de llenties,15ml d'oli d'oliva,,,oli d'oliva
Cuinat de llenties,200 g de ceba blanca,200.0,g,ceba blanca
Cuinat de llenties,0.3g de comí en pols (opcional),,,comi en pols
Cuinat de llenties,0.5g de pebre vermell dolç (opcional),0.5,g,pebre vermell dolc
Cuinat de llenties,100 g d'espinacs fresques (o kale),100.0,g,espinacs fresques
Cuinat de llenties,Sal al gust,,,sal i pebre
amanida,45g d'enciam roman,45.0,g,enciam roman
amanida,25g de ruca,25.0,g,ruca
amanida,25g d'espinacs,25.0,g,espinacs
amanida,20g de kale,20.0,g,kale
amanida,15ml d'oli d'oliva (1 cullerada),,,oli d'oliva
amanida,5 ml de vinagre (opcional),5.0,ml,vinagre
amanida,Sal,,,sal i pebre
Ous frits amb pernil salat i ½ alvocat,3 ous,3.0,,ous
Ous frits amb pernil salat i ½ alvocat,30g de cuixot salat,30.0,g,cuixot salat
Ous frits amb pernil salat i ½ alvocat,7ml d'oli d'oliva (1⁄2 cullerada),,,oli d'oliva
Ous frits amb pernil salat i ½ alvocat,Sal i pebre al gust,,,sal i pebre
Ous frits amb pernil salat i ½ alvocat,½ alvocat,100.0,g,alvocat
Costelles de porc al romaní i boniato (prebiòtc),250 g de costella de porc amb os (veure observacions),250.0,g,costella de porc amb os
Costelles de porc al romaní i boniato (prebiòtc),2g de romaní fresc (0.5g si és en sec),2.0,g,romani fresc
Costelles de porc al romaní i boniato (prebiòtc),Sal i pebre al gust,,,sal i pebre
Costelles de porc al romaní i boniato (prebiòtc),5 g de mantega sense sal,5.0,g,mantega sense sal
Costelles de porc al romaní i boniato (prebiòtc),10 ml oli d'oliva,,,oli d'oliva
Costelles de porc al romaní i boniato (prebiòtc),1⁄2 llimona,0.5,,llimona
Amanida verda,20g lletuga,20.0,g,lletuga
Amanida verda,15g rúcula,15.0,g,rucula
Amanida verda,20g espinacs,20.0,g,espinacs
Amanida verda,15g Kales (o col),15.0,g,kales
Amanida verda,15ml oli d’oliva,,,oli d'oliva
Amanida verda,5ml vinagre (opcional),5.0,ml,vinagre
Amanida verda,sal,,,sal i pebre
Boniato rostit,200g moniato o camote (1 mitjà),200.0,g,moniato o camote
Boniato rostit,10 g de mantega,10.0,g,mantega
Boniato rostit,Canyella en pols,,,canyella en pols
Amanida tofu,120-150g de tofu ferm,150.0,g,tofu ferm
Amanida tofu,"70g de kale (i/o enciams,espinacs, etc)",70.0,g,kale
Amanida tofu,100 g de tomàquets cherry (o 1unitat mitjana de tomàquet),100.0,g,tomaquets cherry
Amanida tofu,25 g de ceba morada,25.0,g,ceba morada
Amanida tofu,100 g de pastanaga,1.0,,pastanaga
Amanida tofu,20 g de llavors de carbassa,20.0,g,llavors de carbassa
Amanida tofu,5 g de coriandre o menta fresca (opcional),,,coriandre o menta fresca
Amanida tofu,0.5g pebre vermell picant en pols (opcional),,,pebre vermell picant en pols
Vinagreta,20ml d'oli d'oliva,,,oli d'oliva
Vinagreta,10 ml de salsa soja tamari,10.0,ml,salsa soja tamari
Vinagreta,10 ml d'aigua,,,aigua
Vinagreta,5 ml de suc de llimona,0.5,,llimona
Vinagreta,0.3g de gingebre en pols (opcional),,,gingebre en pols
Vinagreta,10 g d'eritritol (opcional),,,eritritol
Vinagreta,2 g de cibulet (cebollino),2.0,g,cibulet
Salmó amb mongetes amb mantequilla,1 llom de salmó (150-200g),1.0,,llom de salmo
Salmó amb mongetes amb mantequilla,7ml d'oli d'oliva (1/2 cullerada),,,oli d'oliva
Salmó amb mongetes amb mantequilla,Sal i pebre al gust,,,sal i pebre
Salmó amb mongetes amb mantequilla,15 g de mantega sense sal,15.0,g,mantega sense sal
Salmó amb mongetes amb mantequilla,120 g de mongetes verdes,120.0,g,mongetes verdes
Salmó amb mongetes amb mantequilla,15 g d'ametlles,15.0,g,ametlles
Salmó amb mongetes amb mantequilla,1 all,20.0,g,alls
Salmó amb mongetes amb mantequilla,1⁄2 llimona,0.5,,llimona
Hamburguesa de salmó amb pernil salat i patata (probiòtica),1 llom de salmó sense pell (200-250g),1.0,,llom de salmo sense pell
Hamburguesa de salmó amb pernil salat i patata (probiòtica),1 ou,1.0,,ous
Hamburguesa de salmó amb pernil salat i patata (probiòtica),8g de cibulet o part verd d'una ceba tendra o grell,8.0,g,cibulet
Hamburguesa de salmó amb pernil salat i patata (probiòtica),1 all,20.0,g,alls
Hamburguesa de salmó amb pernil salat i patata (probiòtica),10 ml d'oli d'oliva(1 cullerada),,,oli d'oliva
Hamburguesa de salmó amb pernil salat i patata (probiòtica),30 g de formatge parmesà,30.0,g,formatge parmesa
Hamburguesa de salmó amb pernil salat i patata (probiòtica),Espècies (al gust),,,especies
Hamburguesa de salmó amb pernil salat i patata (probiòtica),Sal i pebre al gust,,,sal i pebre
Hamburguesa de salmó amb pernil salat i patata (probiòtica),Un tall de pernil,30.0,g,pernil
Lluç amb crosta d’ametlles i parmesà,1 filet de lluç amb pell (150-200g),1.0,,filet de lluc amb pell
Lluç amb crosta d’ametlles i parmesà,10 g de mantega sense sal,10.0,g,mantega sense sal
Lluç amb crosta d’ametlles i parmesà,15 g d'ametlles filetejades,15.0,g,ametlles filetejades
Lluç amb crosta d’ametlles i parmesà,10 g de formatge parmesà,10.0,g,formatge parmesa
Lluç amb crosta d’ametlles i parmesà,1⁄2 llimona,0.5,,llimona
Lluç amb crosta d’ametlles i parmesà,Sal i pebre al gust,,,sal i pebre
Gratén de peix,"450g de filets de lluç (o qualsevol peix blanc: bacallà, daurada o ...gambetes)",450.0,g,filets de lluc
Gratén de peix,275g de patates,275.0,g,patates
Gratén de peix,110 ml de llet sencera,110.0,ml,llet sencera
Gratén de peix,275 ml d'aigua o de brou de peix,275.0,ml,brou de peix
Gratén de peix,25 g de mantega sense sal,25.0,g,mantega sense sal
Gratén de peix,110g de ceba blanca,110.0,g,ceba blanca
Gratén de peix,1 fulla de llorer,1.0,,fulla de llorer
Gratén de peix,0.5g de farigola,0.5,g,farigola
Gratén de peix,0.5g de nou moscada (opcional),0.5,g,nou moscada
Gratén de peix,Sal i pebre al gust,,,sal i pebre
Gratén de peix,55 ml de nata líquida,55.0,ml,nata liquida
Gratén de peix,45 g de formatge parmesà o cheddar,45.0,g,formatge parmesa
Crema de pastanaga amb coco i gingebre,660 g de pastanagues,660.0,g,pastanagues
Crema de pastanaga amb coco i gingebre,3 alls,60.0,g,alls
Crema de pastanaga amb coco i gingebre,15 g de gingebre fresc (o 0.2g en pols),15.0,g,gingebre fresc
Crema de pastanaga amb coco i gingebre,25 g de mantega sense sal,25.0,g,mantega sense sal
Crema de pastanaga amb coco i gingebre,330 ml de brou casolà de pollastre (o aigua),330.0,ml,brou de pollastre
Crema de pastanaga amb coco i gingebre,110 ml de llet de coco,110.0,ml,llet de coco
Crema de pastanaga amb coco i gingebre,0.3g de cúrcuma en pols (opcional),,,curcuma en pols
Crema de pastanaga amb coco i gingebre,0.5g de pebre vermell dolç (opcional),0.5,g,pebre vermell dolc
Crema de pastanaga amb coco i gingebre,Sal i pebre al gust,,,sal i pebre
Crema de pastanaga amb coco i gingebre,Fulles de julivert o menta (opcional),,,julivert
Amanida de sardines,150 g de tomàquet (1 unitat mitjana),150.0,g,tomaquet
Amanida de sardines,200 g de cogombre (1⁄2 cogombre),200.0,g,cogombre
Amanida de sardines,25 g de ceba morada (1/4 de ceba),25.0,g,ceba morada
Amanida de sardines,100 g de pebre verd,100.0,g,pebre verd
Amanida de sardines,10 olives negres,10.0,,olives negres
Amanida de sardines,30-50 g de formatge feta,50.0,g,de formatge feta
Amanida de sardines,1g d'orenga,1.0,g,orenga
Amanida de sardines,15ml d'oli d'oliva,,,oli d'oliva
Amanida de sardines,5ml de vinagre,5.0,ml,vinagre
Amanida de sardines,Sal i pebre al gust,,,sal i pebre
Amanida de sardines,10g de nous (o pinyons),10.0,g,nous
Amanida de sardines,1 llauna de sardines,1.0,,llauna de sardines en oli
Frittata d’espinacs i formatge de cabra,6 ous,6.0,,ous
Frittata d’espinacs i formatge de cabra,15 g de nata líquida (opcional),15.0,ml,nata liquida
Frittata d’espinacs i formatge de cabra,15 g de mantega sense sal freda,15.0,g,mantega sense sal
Frittata d’espinacs i formatge de cabra,30 g de formatge parmesà,30.0,g,formatge parmesa
Frittata d’espinacs i formatge de cabra,60 g de formatge de cabra (feta o ricotta),60.0,g,formatge de cabra
Frittata d’espinacs i formatge de cabra,150g d'espinacs,150.0,g,espinacs
Frittata d’espinacs i formatge de cabra,50 g de ceba blanca,50.0,g,ceba blanca
Frittata d’espinacs i formatge de cabra,8 g de cibulet o part verd d'una ceba tendra,8.0,g,cibulet
Frittata d’espinacs i formatge de cabra,7ml d'oli d'oliva (1⁄2 cullerada),,,oli d'oliva
Frittata d’espinacs i formatge de cabra,5g de fulles d'orenga fresc (menys de 0.5g si és sec),5.0,g,fulles d'orenga fresc
Frittata d’espinacs i formatge de cabra,Sal i pebre al gust,,,sal i pebre
Pebres farcits d'indiot amb arròs basmati,"2 pebrots (vermells, grocs o verds)",2.0,,pebrots
Pebres farcits d'indiot amb arròs basmati,300 g de gall dindi picat (mòlt),300.0,g,gall dindi
Pebres farcits d'indiot amb arròs basmati,2 dents d'all,4.0,g,alls
Pebres farcits d'indiot amb arròs basmati,50 g de ceba blanca,50.0,g,ceba blanca
Pebres farcits d'indiot amb arròs basmati,225 ml de tomàquet triturat natural,225.0,ml,tomaquet triturat natural
Pebres farcits d'indiot amb arròs basmati,15ml d'oli d'oliva (una cullerada),,,oli d'oliva
Pebres farcits d'indiot amb arròs basmati,3g d'orenga fresc (0.5g en pols),3.0,g,orenga fresc
Pebres farcits d'indiot amb arròs basmati,1g de pebre vermell dolç (en pols),1.0,g,pebre vermell dolc
Pebres farcits d'indiot amb arròs basmati,Sal i pebre al gust,,,sal i pebre
Pebres farcits d'indiot amb arròs basmati,60 g de formatge parmesà,60.0,g,formatge parmesa
Amanida grega,150 g de tomàquet (1 unitat mitjana),150.0,g,tomaquet
Amanida grega,200 g de cogombre (1⁄2 cogombre),200.0,g,cogombre
Amanida grega,25 g de ceba morada (1/4 de ceba),25.0,g,ceba morada
Amanida grega,100 g de pebre verd,100.0,g,pebre verd
Amanida grega,10 olives negres,10.0,,olives negres
Amanida grega,30-50 g de formatge feta,50.0,g,de formatge feta
Amanida grega,1 g d'orenga,1.0,g,orenga
Amanida grega,15 ml d'oli d'oliva,,,oli d'oliva
Amanida grega,5 ml de vinagre,5.0,ml,vinagre
Amanida grega,Sal i pebre al gust,,,sal i pebre
Amanida grega,10g de nous (o pinyons),10.0,g,nous
Ous remenats amb formatge i cibulet,3 ous,3.0,,ous
Ous remenats amb formatge i cibulet,30 g de formatge semicurat,30.0,g,formatge semicurat
Ous remenats amb formatge i cibulet,5 g de cibulet o 1⁄2 part verd d'una ceba tendra,5.0,g,cibulet
Ous remenats amb formatge i cibulet,10 g de mantega sense sal freda,10.0,g,mantega sense sal
Ous remenats amb formatge i cibulet,7ml d'oli d'oliva (1⁄2 cullerada),,,oli d'oliva
Ous remenats amb formatge i cibulet,Sal i pebre al gust,,,sal i pebre
Boniato al forn,200g moniato o camote (1 mitjà),200.0,g,moniato o camote
Boniato al forn,10 g de mantega,10.0,g,mantega
Boniato al forn,Canyella en pols,,,canyella en pols
Solomillo de vedella a la planxa,150-200g de filet de vedella (filet o medalló),200.0,g,filet de vedella
Solomillo de vedella a la planxa,10ml d'oli d'oliva,,,oli d'oliva
Solomillo de vedella a la planxa,Sal i pebre al gust,,,sal i pebre
Solomillo de vedella a la planxa,5 g de mantega sense sal,5.0,g,mantega sense sal
Pa de plàtan amb xispes de xocolata,1 plàtan madur,1.0,,platan madur
Pa de plàtan amb xispes de xocolata,1 ou,1.0,,ous
Pa de plàtan amb xispes de xocolata,15 g de mantega sense sal,15.0,g,mantega sense sal
Pa de plàtan amb xispes de xocolata,10ml d'oli de coco (o mitja cullerada),,,oli de coco
Pa de plàtan amb xispes de xocolata,5 ml de iogurt natural sense sucre (opcional),5.0,ml,iogurt natural sense sucre
Pa de plàtan amb xispes de xocolata,17 g de farina de coco,17.0,g,farina de coco
Pa de plàtan amb xispes de xocolata,1 g de canyella,,,canyella
Pa de plàtan amb xispes de xocolata,0.5 g de bicarbonat de sodi,,,bicarbonat de sodi
Pa de plàtan amb xispes de xocolata,0.5 g de llevadura en pols (tipo Royal),,,llevadura en pols (postres)
Pa de plàtan amb xispes de xocolata,3 ml d'essència de vainilla,3.0,ml,essencia de vainilla
Pa de plàtan amb xispes de xocolata,Sal,,,sal i pebre
Pa de plàtan amb xispes de xocolata,10 g de xocolata 90%,10.0,g,xocolata 90%
Pa de plàtan amb xispes de xocolata,10 g de nous picades,10.0,g,nous
Pa de plàtan amb xispes de xocolata,2 g de stevia o eritritol (opcional),,,eritritol
Escalopins de porc amb tomí i llimona amb coliflor al forn,150–200g d'escalops delomodecerdo(en1o 2 peces),200.0,g,d'escalops delomodecerdo
Escalopins de porc amb tomí i llimona amb coliflor al forn,15ml d'oli d'oliva,,,oli d'oliva
Escalopins de porc amb tomí i llimona amb coliflor al forn,1 gra d'all,4.0,g,alls
Escalopins de porc amb tomí i llimona amb coliflor al forn,1⁄2 llimona,0.5,,llimona
Escalopins de porc amb tomí i llimona amb coliflor al forn,1g de farigola fresca (o 0.5g sec),1.0,g,farigola fresca
Escalopins de porc amb tomí i llimona amb coliflor al forn,Sal i pebre al gust,,,sal i pebre
Alvocat farcit de salmó fumat,200 g d'alvocat madur (1 mitjà),200.0,g,alvocat madur
Alvocat farcit de salmó fumat,100 g de salmó fumat,100.0,g,salmo fumat
Alvocat farcit de salmó fumat,50 g de cogombre,50.0,g,cogombre
Alvocat farcit de salmó fumat,5 g de cibulet o 1⁄2 part verd d'una ceba tendra,5.0,g,cibulet
Alvocat farcit de salmó fumat,7 ml d'oli d'oliva (1⁄2 cullerada),,,oli d'oliva
Alvocat farcit de salmó fumat,7 ml de salsa Tamari (opcional),7.0,ml,salsa tamari
Alvocat farcit de salmó fumat,1⁄2 llimona,0.5,,llimona
Alvocat farcit de salmó fumat,Llavors de sèsam al gust (opcional),,,llavors de sesam
Alvocat farcit de salmó fumat,Sal,,,sal i pebre
Fumet de gambes (ceto),100 g de gambes pelades (veure observacions),100.0,g,gambes
Fumet de gambes (ceto),200 g de coliflor,200.0,g,coliflor
Fumet de gambes (ceto),50 g de ceba blanca,50.0,g,ceba blanca
Fumet de gambes (ceto),1 gra d'all,4.0,g,alls
Fumet de gambes (ceto),8 g de cibulet o part verd d'una ceba tendra,8.0,g,cibulet
Fumet de gambes (ceto),10 g de mantega,10.0,g,mantega
Fumet de gambes (ceto),300 ml de brou de pollastre o peix,300.0,ml,brou de pollastre o peix
Fumet de gambes (ceto),30 ml de nata líquida,30.0,ml,nata liquida
Fumet de gambes (ceto),3g de fulles de coriandre (opcional),3.0,g,fulles de coriandre
Fumet de gambes (ceto),Sal al gust,,,sal i pebre
Fritatta de xerris amb xoriç,6ous,6.0,,ous
Fritatta de xerris amb xoriç,10g de nata líquida (opcional),10.0,ml,nata liquida
Fritatta de xerris amb xoriç,15g de mantega sense sal freda,15.0,g,mantega sense sal
Fritatta de xerris amb xoriç,60g de xoriço,60.0,g,xorico
Fritatta de xerris amb xoriç,120g de tomàquets cherry madurs,120.0,g,tomaquets cherry
Fritatta de xerris amb xoriç,50g de ceba blanca,50.0,g,ceba blanca
Fritatta de xerris amb xoriç,20g de kale (opcional),20.0,g,kale
Fritatta de xerris amb xoriç,30g de formatge parmesà,30.0,g,formatge parmesa
Fritatta de xerris amb xoriç,3g de fulles d'alfàbrega fresca (veure observacions),3.0,g,fulles d'alfabrega fresca
Fritatta de xerris amb xoriç,Sal i pebre al gust,,,sal i pebre
Pollastre a les fines herbes,400-500g de pollastre a trossos amb os i pell,500.0,g,pollastre a trossos amb os i pell
Pollastre a les fines herbes,1⁄2 llimona,0.5,,llimona
Pollastre a les fines herbes,2-3 dents d'all,6.0,g,alls
Pollastre a les fines herbes,5g de romaní fresc (1g en pols),5.0,g,romani fresc
Pollastre a les fines herbes,5g d'orenga fresc (0.5g en pols),5.0,g,orenga fresc
Pollastre a les fines herbes,15g de mostassa Dijon,15.0,g,mostassa dijon
Pollastre a les fines herbes,15ml d'oli d'oliva (una cullerada),,,oli d'oliva
Pollastre a les fines herbes,Sal i pebre al gust,,,sal i pebre
Salmó a la planxa,150 g de llom de salmó (amb pell preferiblement),150.0,g,llom de salmo
Salmó a la planxa,7 ml d'oli d'oliva,,,oli d'oliva
Salmó a la planxa,Sal i pebre al gust,,,sal i pebre
Vinagreta de tomàquet cherry (opcional),40g de tomàquets cherry (4 unitats),40.0,g,tomaquets cherry
Vinagreta de tomàquet cherry (opcional),10g de ceba morada,10.0,g,ceba morada
Vinagreta de tomàquet cherry (opcional),3g de fulles d'alfàbrega,3.0,g,fulles d'alfabrega
Vinagreta de tomàquet cherry (opcional),7ml d'oli d'oliva,,,oli d'oliva
Vinagreta de tomàquet cherry (opcional),1⁄2 llimona,0.5,,llimona
Vinagreta de tomàquet cherry (opcional),Sal i pebre al gust,,,sal i pebre
Guacamole,200g d'alvocat madur (una unitat),200.0,g,alvocat madur
Guacamole,100g de tomàquet (un petit),100.0,g,tomaquet
Guacamole,30g de ceba blanca,30.0,g,ceba blanca
Guacamole,10g de coriandre (fulles,,,coriandre
Guacamole,1 llimona,1.0,,llimona
Guacamole,7ml d'oli d'oliva,,,oli d'oliva
Guacamole,Sal i pebre al gust,,,sal i pebre
Granola,80g d'ametlles naturals,80.0,g,ametlles naturals
Granola,70g de nous naturals,70.0,g,nous
Granola,20g de llavors de carbassa,20.0,g,llavors de carbassa
Granola,5-10g de chía (opcional),10.0,g,de chia
Granola,20g d'ametlles filetejades (opcional),20.0,g,ametlles filetejades
Granola,35g de llavors de lli mòltes,35.0,g,llavors de lli moltes
Granola,10g de coco ratllat,10.0,g,coco ratllat
Granola,55g d'eritritol,,,eritritol
Granola,1 ou,1.0,,ous
Granola,30g de mantega o oli de coco,30.0,g,mantega
Granola,5ml d'essència de vainilla,5.0,ml,essencia de vainilla
Broqueta de gambes amb xoriç,80 g de gambes i 8 llagostins (pelats),80.0,g,gambes
Broqueta de gambes amb xoriç,40 g de xoriço (tros sencer),40.0,g,xorico
Broqueta de gambes amb xoriç,15ml d'oli d'oliva,,,oli d'oliva
Broqueta de gambes amb xoriç,1 gra d'all (opcional),4.0,g,alls
Broqueta de gambes amb xoriç,1⁄2 llimona,0.5,,llimona
Broqueta de gambes amb xoriç,Sal i pebre al gust,,,sal i pebre
"Ous bullits amb salmó fumat, tàperes i maionesa",2 ous,2.0,,ous
"Ous bullits amb salmó fumat, tàperes i maionesa",Aigua,,,aigua
"Ous bullits amb salmó fumat, tàperes i maionesa",50g de salmó fumat,50.0,g,salmo fumat
"Ous bullits amb salmó fumat, tàperes i maionesa",30g de maionesa,30.0,g,maionesa
"Ous bullits amb salmó fumat, tàperes i maionesa",10g de tàperes (opcional),10.0,g,taperes
"Ous bullits amb salmó fumat, tàperes i maionesa",5g de mostassa Dijon (opcional),5.0,g,mostassa dijon
"Ous bullits amb salmó fumat, tàperes i maionesa",4g de cibulet (opcional),4.0,g,cibulet
"Ous bullits amb salmó fumat, tàperes i maionesa",Sal i pebre al gust,,,sal i pebre
Risotto de coliflor amb gambes i bolets,200g d'arròs de coliflor → rallar-la o picar-la,200.0,g,arros de coliflor
Risotto de coliflor amb gambes i bolets,100g de gambes pelades,100.0,g,gambes
Risotto de coliflor amb gambes i bolets,70g de bolets,70.0,g,bolets
Risotto de coliflor amb gambes i bolets,30g de ceba blanca,30.0,g,ceba blanca
Risotto de coliflor amb gambes i bolets,10g de mantega sense sal,10.0,g,mantega sense sal
Risotto de coliflor amb gambes i bolets,120ml d'aigua o brou de peix (o de verdures),120.0,ml,brou de peix
Risotto de coliflor amb gambes i bolets,10ml de nata líquida,10.0,ml,nata liquida
Risotto de coliflor amb gambes i bolets,10g de formatge parmesà,10.0,g,formatge parmesa
Risotto de coliflor amb gambes i bolets,10g de salsa pesto (opcional),10.0,g,salsa pesto
Risotto de coliflor amb gambes i bolets,Sal i pebre al gust,,,sal i pebre
Crema de carabassí,500g de carabassí,500.0,g,carabassi
Crema de carabassí,100g de patates (només durant fase I i III),100.0,g,patates
Crema de carabassí,20 g de mantega sense sal,20.0,g,mantega sense sal
Crema de carabassí,50 g de ceba blanca,50.0,g,ceba blanca
Crema de carabassí,2 alls,40.0,g,alls
Crema de carabassí,350 ml de brou de pollastre,350.0,ml,brou de pollastre
Crema de carabassí,60 g d'alvocat,60.0,g,alvocat
Crema de carabassí,40 ml de nata líquida o llet de coco (opcional),40.0,ml,nata liquida
Crema de carabassí,1 fulla de llorer,1.0,,fulla de llorer
Crema de carabassí,1⁄2 llimona,0.5,,llimona
Crema de carabassí,Sal i pebre al gust,,,sal i pebre
Crema de carabassí,3g de julivert o coriandre (opcional),,,julivert
"Tortilla de coliflor, formatge i salmó",200g d'arròs de coliflor (coliflor rallada),200.0,g,arros de coliflor
"Tortilla de coliflor, formatge i salmó",1 ou,1.0,,ous
"Tortilla de coliflor, formatge i salmó",30g de formatge parmesà,30.0,g,formatge parmesa
"Tortilla de coliflor, formatge i salmó",4g de cibulet,4.0,g,cibulet
"Tortilla de coliflor, formatge i salmó",10g de lli mòlt (opcional),10.0,g,lli molt
"Tortilla de coliflor, formatge i salmó",Sal i pebre al gust,,,sal i pebre
"Tortilla de coliflor, formatge i salmó",50g de salmó fumat,50.0,g,salmo fumat
"Tortilla de coliflor, formatge i salmó",7ml d'oli d'oliva,,,oli d'oliva
Tartar de tonyina amb alvocat,150g de de tonyina (com que es consumeix crua s’ha d’haver congelat prèviament),150.0,g,de tonyina
Tartar de tonyina amb alvocat,15g de ceba morada,15.0,g,ceba morada
Tartar de tonyina amb alvocat,5g de cibulet (part verd),5.0,g,cibulet
Tartar de tonyina amb alvocat,2g de gingebre fresc (opcional),2.0,g,gingebre fresc
Tartar de tonyina amb alvocat,7ml d'oli d'oliva,,,oli d'oliva
Tartar de tonyina amb alvocat,15ml de salsa Tamari,15.0,ml,salsa tamari
Tartar de tonyina amb alvocat,1⁄2 llimona,0.5,,llimona
Tartar de tonyina amb alvocat,3g de llavors de sèsam (opcional),3.0,g,llavors de sesam
Tartar de tonyina amb alvocat,100g d'alvocat madur (1⁄2 alvocat),100.0,g,alvocat madur
Tartar de tonyina amb alvocat,10g de maionesa (opcional),10.0,g,maionesa
Tartar de tonyina amb alvocat,Sal i pebre al gust,,,sal i pebre
Bombó de xocolata,40g de xocolata 90%,40.0,g,xocolata 90%
Bombó de xocolata,40g de llavors de carbassa,40.0,g,llavors de carbassa
Bombó de xocolata,10g de cacau nibs (opcional),,,cacau nibs
Bombó de xocolata,10g d'eritritol,,,eritritol
Bombó de xocolata,Sal gruixuda (opcional),,,sal gruixuda
Costelles de porc torrades bolets a la planxa,"400g de costellam de porc complet (suposant 50% carn, 50% ossos)",400.0,g,costellam de porc complet
Costelles de porc torrades bolets a la planxa,Sal i pebre,,,sal i pebre
Marinada Bbq,30g de ceba blanca,30.0,g,ceba blanca
Marinada Bbq,1-2 dents d'all,4.0,g,alls
Marinada Bbq,0.5g de comí,0.5,g,comi
Marinada Bbq,1g de pebre vermell dolç,1.0,g,pebre vermell dolc
Marinada Bbq,0.5g de pebre vermell picant (opcional),0.5,g,pebre vermell picant
Marinada Bbq,10g d'eritritol,,,eritritol
Marinada Bbq,15ml d'oli d'oliva,,,oli d'oliva
Marinada Bbq,5ml de vinagre,5.0,ml,vinagre
Marinada Bbq,1g de sal i pebre al gust,,,sal i pebre
Bolets,130g de bolets,130.0,g,bolets
Bolets,1 gra d'all,4.0,g,alls
Bolets,15ml d'oli d'oliva  5g de julivert (opcional)  Sal i pebre al gust.,,,julivert
Ous remenats o fregits amb cuixot salat,3 ous,3.0,,ous
Ous remenats o fregits amb cuixot salat,30 g de pernil,30.0,g,pernil
Ous remenats o fregits amb cuixot salat,7 ml d'oli d'oliva (1⁄2 cullerada),,,oli d'oliva
Ous remenats o fregits amb cuixot salat,Sal i pebre al gust,,,sal i pebre
Amanida de tonyina,40 g de lletuga romana,40.0,g,lletuga romana
Amanida de tonyina,30 g de ruca (rúcula),30.0,g,ruca
Amanida de tonyina,30 g d'espinacs,30.0,g,espinacs
Amanida de tonyina,15 g de kale o col,15.0,g,kale o col
Amanida de tonyina,15 ml d'oli d'oliva (1 cullerada),,,oli d'oliva
Amanida de tonyina,5 ml de vinagre (opcional),5.0,ml,vinagre
Amanida de tonyina,Sal,,,sal i pebre
Amanida de tonyina,½ alvocat,100.0,g,alvocat
Amanida de tonyina,100-150g lloms de tonyina en oli d’oliva,150.0,g,lloms de tonyina
Amanida de pollastre amb salsa césar (ceto),150g de pit de pollastre a la planxa,150.0,g,pit de pollastre
Amanida de pollastre amb salsa césar (ceto),100g d'encisam romanès,100.0,g,encisam romanes
Amanida de pollastre amb salsa césar (ceto),30g de maionesa,30.0,g,maionesa
Amanida de pollastre amb salsa césar (ceto),20g de formatge parmesà,20.0,g,formatge parmesa
Amanida de pollastre amb salsa césar (ceto),5g de mostassa Dijon,5.0,g,mostassa dijon
Amanida de pollastre amb salsa césar (ceto),1 all,20.0,g,alls
Amanida de pollastre amb salsa césar (ceto),1 anxova (opcional),1.0,,anxova
Amanida de pollastre amb salsa césar (ceto),Sal i pebre,,,sal i pebre
"Frittata de bròquil, cheddar i xoriç",6 ous,6.0,,ous
"Frittata de bròquil, cheddar i xoriç",10g de nata líquida (opcional),10.0,ml,nata liquida
"Frittata de bròquil, cheddar i xoriç",15g de mantega sense sal freda,15.0,g,mantega sense sal
"Frittata de bròquil, cheddar i xoriç",60g de xoriço1,60.0,g,xorico1
"Frittata de bròquil, cheddar i xoriç",80g de formatge cheddar,80.0,g,formatge cheddar
"Frittata de bròquil, cheddar i xoriç",150g de bròquil (veure observacions),150.0,g,broquil
"Frittata de bròquil, cheddar i xoriç",50g de ceba blanca,50.0,g,ceba blanca
"Frittata de bròquil, cheddar i xoriç",50g de pebrot vermell (opcional),50.0,g,pebrot vermell
"Frittata de bròquil, cheddar i xoriç",Sal i pebre al gust,,,sal i pebre
Amanida thai de tofu (formatge tendre),120-150g de tofu,150.0,g,tofu ferm
Amanida thai de tofu (formatge tendre),"70g de kale (i/o enciams,espinacs, etc)",70.0,g,kale
Amanida thai de tofu (formatge tendre),100g de tomàquets cherry (o 1 unitat mitjana de tomàquet),100.0,g,tomaquets cherry
Amanida thai de tofu (formatge tendre),25g de ceba morada,25.0,g,ceba morada
Amanida thai de tofu (formatge tendre),100g de pastanaga,1.0,,pastanaga
Amanida thai de tofu (formatge tendre),20g de llavors de carbassa,20.0,g,llavors de carbassa
Amanida thai de tofu (formatge tendre),5g de coriandre o menta fresca (opcional),,,coriandre o menta fresca
Amanida thai de tofu (formatge tendre),0.5g pebre vermell picant a pols (opcional),0.5,g,pebre vermell picant a pols
Ous remenats amb formatge i espàrrecs,3 ous,3.0,,ous
Ous remenats amb formatge i espàrrecs,30 g de formatge semicurat,30.0,g,formatge semicurat
Ous remenats amb formatge i espàrrecs,4-5 espàrrecs cuits (bullir abans),200.0,g,esparrecs
Ous remenats amb formatge i espàrrecs,3g de cibulet o 1⁄2 part verd d'una ceba tendra o grell,3.0,g,cibulet
Ous remenats amb formatge i espàrrecs,10 g de mantega sense sal freda,10.0,g,mantega sense sal
Ous remenats amb formatge i espàrrecs,7 ml d'oli d'oliva (1 cullerada),,,oli d'oliva
Ous remenats amb formatge i espàrrecs,Sal i pebre al gust,,,sal i pebre
Crema de xampinyons,600g de xampinyons,600.0,g,xampinyons
Crema de xampinyons,20g de mantega sense sal,20.0,g,mantega sense sal
Crema de xampinyons,100g de ceba blanca,100.0,g,ceba blanca
Crema de xampinyons,1-2 alls,40.0,g,alls
Crema de xampinyons,500ml de brou de pollastre (o aigua),500.0,ml,brou de pollastre
Crema de xampinyons,0.5g de tomí sec (3g si és fresc),,,tomi sec
Crema de xampinyons,1 fulla de llorer (opcional),1.0,,fulla de llorer
Crema de xampinyons,Sal i pebre al gust,,,sal i pebre
Crema de xampinyons,50ml de nata líquida (opcional),50.0,ml,nata liquida
Crocant de formatge,30 g de formatge parmesà,30.0,g,formatge parmesa
Crocant de formatge,"Espècies diverses: pebre bo, curry, pebre vermell, nou moscada…",,,especies
Ceto-creps,2 ous,2.0,,ous
Ceto-creps,100g de mató,100.0,g,mato
Ceto-creps,15g de mantega,15.0,g,mantega
Ceto-creps,30g de farina de ametlles o de lli,30.0,g,farina de ametlles o de lli
Ceto-creps,0.5g de canyella en pols,,,canyella en pols
Ceto-creps,5ml d'essència de vainilla,5.0,ml,essencia de vainilla
Ceto-creps,1⁄2 culleradeta pols de coure (royal),0.5,,culleradeta pols de coure
Ceto-creps,Sal,,,sal i pebre
Ceto-creps,Oli d'oliva,,,oli d'oliva
Ceto-creps,10g d'eritritol,,,eritritol
Ceto-nutella,40g de xocolata 90%,40.0,g,xocolata 90%
Ceto-nutella,30g d'avellanes naturals,30.0,g,avellanes naturals
Ceto-nutella,25g de mantega sense sal o d'oli de coco,25.0,g,mantega sense sal
Ceto-nutella,15g de cacau en pols sense sucre (opcional),,,cacau en pols sense sucre
Ceto-nutella,5ml d'essència de vainilla,5.0,ml,essencia de vainilla
Ceto-nutella,10g d'eritritol,,,eritritol
Ceto-nutella,Sal (opcional),,,sal i pebre
Hamburguesa Tex-Mex,300g de carn picada — de boví2,300.0,g,carn picada
Hamburguesa Tex-Mex,20g de xoriço (opcional),20.0,g,xorico
Hamburguesa Tex-Mex,15g de mostassa Dijon (o 3g de pebre vermell dolç en pols),15.0,g,mostassa dijon
Hamburguesa Tex-Mex,2 alls,40.0,g,alls
Hamburguesa Tex-Mex,15g d'oli d'oliva,,,oli d'oliva
Hamburguesa Tex-Mex,Sal i pebre al gust,,,sal i pebre
Verdures,100g carbassó (1 unitat mitjana),100.0,g,carbasso
Verdures,100g d'albergínia (1 unitat mitjana),100.0,g,alberginia
Verdures,50g de tomàquets cherry,50.0,g,tomaquets cherry
Verdures,50g de ceba morada,50.0,g,ceba morada
Verdures,2 dents d'all,4.0,g,alls
Verdures,3g de romaní fresc (opcional),3.0,g,romani fresc
Verdures,3g de farigola fresca (opcional),3.0,g,farigola fresca
Verdures,Sal i pebre al gust,,,sal i pebre
Verdures,15ml d'oli d'oliva,,,oli d'oliva
Ous a la planxa amb pernil salat,3 ous,3.0,,ous
Ous a la planxa amb pernil salat,35 g de pernil,35.0,g,pernil
Ous a la planxa amb pernil salat,5 ml d'oli d'oliva (1 raig),,,oli d'oliva
Ous a la planxa amb pernil salat,Sal i pebre al gust,,,sal i pebre
Amanida de tonyina i ou,40 g de lletuga romana,40.0,g,lletuga romana
Amanida de tonyina i ou,30 g de ruca (rúcula),30.0,g,ruca
Amanida de tonyina i ou,30 g d'espinacs,30.0,g,espinacs
Amanida de tonyina i ou,15 g de kale o col,15.0,g,kale o col
Amanida de tonyina i ou,15 ml d'oli d'oliva (1 cullerada),,,oli d'oliva
Amanida de tonyina i ou,5 ml de vinagre (opcional),5.0,ml,vinagre
Amanida de tonyina i ou,Sal,,,sal i pebre
Amanida de tonyina i ou,½ alvocat,100.0,g,alvocat
Amanida de tonyina i ou,100 g lloms de tonyina en oli d’oliva,100.0,g,lloms de tonyina
Amanida de tonyina i ou,2 ou bullit,2.0,,ous
Ous remenats amb formatge i xampinyons,3 ous,3.0,,ous
Ous remenats amb formatge i xampinyons,30g de formatge gouda,30.0,g,formatge gouda
Ous remenats amb formatge i xampinyons,50g de xampinyons,50.0,g,xampinyons
Ous remenats amb formatge i xampinyons,30g de ceba blanca (opcional),30.0,g,ceba blanca
Ous remenats amb formatge i xampinyons,10g de mantega sense,10.0,g,mantega sense sal
Ous remenats amb formatge i xampinyons,7ml d'oli d'oliva (1⁄2 cullerada),,,oli d'oliva
Ous remenats amb formatge i xampinyons,Sal i pebre al gust,,,sal i pebre
Pitera de pollastre Cordon-bleu,400g de pit de pollastre (2 mitjanes / grans),400.0,g,pit de pollastre
Pitera de pollastre Cordon-bleu,6g de mostassa Dijon,6.0,g,mostassa dijon
Pitera de pollastre Cordon-bleu,1g de farigola seca,1.0,g,farigola seca
Pitera de pollastre Cordon-bleu,40g de pernil,40.0,g,pernil
Pitera de pollastre Cordon-bleu,60g de formatge gouda,60.0,g,formatge gouda
Pitera de pollastre Cordon-bleu,10g de mantega,10.0,g,mantega
Pitera de pollastre Cordon-bleu,20ml d'oli d'oliva,,,oli d'oliva
Pitera de pollastre Cordon-bleu,Sal i pebre al gust,,,sal i pebre
Tortilla de mozzarella i xerris,3 ous,3.0,,ous
Tortilla de mozzarella i xerris,70g de tomàquets cherry,70.0,g,tomaquets cherry
Tortilla de mozzarella i xerris,30g de formatge mozzarella,30.0,g,formatge mozzarella
Tortilla de mozzarella i xerris,1g de fulles d'orenga fresc (menys si és sec),1.0,g,fulles d'orenga fresc
Tortilla de mozzarella i xerris,10g de mantega freda sense sal,10.0,g,mantega sense sal
Tortilla de mozzarella i xerris,Sal i pebre al gust,,,sal i pebre
Tortilla de mozzarella i xerris,7ml d'oli d'oliva,,,oli d'oliva
Muffins de nabius (sense sucre),100g de farina d'ametlles,100.0,g,farina d'ametlles
Muffins de nabius (sense sucre),40g d'eritritol,,,eritritol
Muffins de nabius (sense sucre),2.5g de pols per coure (royal),2.5,g,pols per coure
Muffins de nabius (sense sucre),0.5g de sal (opcional),,,sal i pebre
Muffins de nabius (sense sucre),25g de mantega sense sal o oli de coco,25.0,g,mantega sense sal
Muffins de nabius (sense sucre),100ml de llet sencera,100.0,ml,llet sencera
Muffins de nabius (sense sucre),1 ou,1.0,,ous
Muffins de nabius (sense sucre),2ml d'essència de vainilla,2.0,ml,essencia de vainilla
Muffins de nabius (sense sucre),60g de nabius,60.0,g,nabius
Ceto-Pizza,200g d'arròs de coliflor (=coliflor rallada),200.0,g,arros de coliflor
Ceto-Pizza,120g de formatge parmesà,120.0,g,formatge parmesa
Ceto-Pizza,40g de lli mòlt (opcional),40.0,g,lli molt
Ceto-Pizza,1 ou (clara),1.0,,ous
Ceto-Pizza,1g d'all en pols (opcional),,,all en pols
Ceto-Pizza,0.5g orenga seca,0.5,g,orenga seca
Ceto-Pizza,Sal,,,sal i pebre
Ceto-Pizza,100ml de salsa de tomàtiga natural,100.0,ml,salsa de tomatiga natural
Ceto-Pizza,60g de formatge mozzarella,60.0,g,formatge mozzarella
Ceto-Pizza,30g pernil,30.0,g,pernil
Ceto-Pizza,10 d'olives negres sense pinyol,10.0,,olives negres
Ceto-Pizza,20g de ruca,20.0,g,ruca
Ceto-Pizza,30g de xampinyons,30.0,g,xampinyons
Coquitos de xocolata,40g de coco ratllat,40.0,g,coco ratllat
Coquitos de xocolata,1 blanc d’ou,1.0,,ous
Coquitos de xocolata,20g d'eritritol,,,eritritol
Coquitos de xocolata,Un pessic de sal,,,un pessic de sal
Coquitos de xocolata,1ml d'essència de vainilla,1.0,ml,essencia de vainilla
Coquitos de xocolata,10g de xocolata 90%,10.0,g,xocolata 90%
Coquitos de xocolata,15ml d'oli de coco (opcional),,,oli de coco
Peix amb pernil,"400 g de peix: dorada, lubina, truita…",400.0,g,"peix: dorada, lubina, truita..."
Peix amb pernil,20g de pernil,20.0,g,pernil
Peix amb pernil,"20g de mantega aromatitzada (amb all, julivert i sal)",20.0,g,mantega aromatitzada
Peix amb pernil,5ml d'oli d'oliva,,,oli d'oliva
Peix amb pernil,Sal,,,sal i pebre
Peix amb pernil,1⁄2 llimona,0.5,,llimona
Frittata de xerris amb xoriç,6ous,6.0,,ous
Frittata de xerris amb xoriç,10g de nata líquida (opcional),10.0,ml,nata liquida
Frittata de xerris amb xoriç,15g de mantega sense sal freda,15.0,g,mantega sense sal
Frittata de xerris amb xoriç,60g de xoriço,60.0,g,xorico
Frittata de xerris amb xoriç,120g de tomàquets cherry madurs,120.0,g,tomaquets cherry
Frittata de xerris amb xoriç,50g de ceba blanca,50.0,g,ceba blanca
Frittata de xerris amb xoriç,20g de kale (opcional),20.0,g,kale
Frittata de xerris amb xoriç,30g de formatge parmesà,30.0,g,formatge parmesa
Frittata de xerris amb xoriç,3g de fulles d'alfàbrega fresca (veure observacions),3.0,g,fulles d'alfabrega fresca
Frittata de xerris amb xoriç,Sal i pebre al gust,,,sal i pebre
Pitera de pollastre amb mantequilla aromatitzada,300g de pits de pollastre sense pinyol i sense pell (2 unitats),300.0,g,pit de pollastre
Pitera de pollastre amb mantequilla aromatitzada,Sal i pebre,,,sal i pebre
Pitera de pollastre amb mantequilla aromatitzada,20ml d'oli d'oliva,,,oli d'oliva
Pitera de pollastre amb mantequilla aromatitzada,20g de mantega aromatitzada,20.0,g,mantega aromatitzada
Verduretes al forn,100g carbassó(1 unitat mitjana),100.0,g,carbasso
Verduretes al forn,100g d'albergínia (1 unitat mitjana),100.0,g,alberginia
Verduretes al forn,50g de tomàquets cherry,50.0,g,tomaquets cherry
Verduretes al forn,50g de ceba morada,50.0,g,ceba morada
Verduretes al forn,2 dents d'all,4.0,g,alls
Verduretes al forn,3g de romaní fresc(opcional),3.0,g,romani fresc
Verduretes al forn,3g de farigola fresca(opcional),3.0,g,farigola fresca
Verduretes al forn,Sal i pebre al gust,,,sal i pebre
Verduretes al forn,15ml d'oli d'oliva,,,oli d'oliva
Alvocat farcit de pollastre,200g d'alvocat madur (1 mitjà),200.0,g,alvocat madur
Alvocat farcit de pollastre,150g de pit de pollastre cuita freda,150.0,g,pit de pollastre
Alvocat farcit de pollastre,50g de pebrot vermell,50.0,g,pebrot vermell
Alvocat farcit de pollastre,25g de ceba morada,25.0,g,ceba morada
Alvocat farcit de pollastre,10g de fulles de coriandre,10.0,g,fulles de coriandre
Alvocat farcit de pollastre,15g de maionesa,15.0,g,maionesa
Alvocat farcit de pollastre,5g de mostassa Dijon,5.0,g,mostassa dijon
Alvocat farcit de pollastre,1⁄2 llimona,0.5,,llimona
Alvocat farcit de pollastre,Sal,,,sal i pebre
Vinagreta de tomàquet cherry,40g de tomàtigues xerri (4 unitats),40.0,g,tomatigues xerri
Vinagreta de tomàquet cherry,10g de ceba morada,10.0,g,ceba morada
Vinagreta de tomàquet cherry,3g de fulles d'alfàbrega,3.0,g,fulles d'alfabrega
Vinagreta de tomàquet cherry,7ml d'oli d'oliva,,,oli d'oliva
Vinagreta de tomàquet cherry,1⁄2 llimona,0.5,,llimona
Vinagreta de tomàquet cherry,Sal i pebre al gust,,,sal i pebre
"Amanida d’espinacs ruca, nous i nabius",20g d'espinacs,20.0,g,espinacs
"Amanida d’espinacs ruca, nous i nabius",20g de ruca,20.0,g,ruca
"Amanida d’espinacs ruca, nous i nabius",20g d'enciam (diversos tipus),20.0,g,enciam
"Amanida d’espinacs ruca, nous i nabius",20g de canonges o kale,20.0,g,canonges o kale
"Amanida d’espinacs ruca, nous i nabius",60g de formatge feta o cabra,60.0,g,formatge feta o cabra
"Amanida d’espinacs ruca, nous i nabius",30g de nabius,30.0,g,nabius
"Amanida d’espinacs ruca, nous i nabius",30g de nous,30.0,g,nous
Pasta de carabassí scampi,130g de gambes pelades (cuites o crues),130.0,g,gambes
Pasta de carabassí scampi,1-2 dents d'all,4.0,g,alls
Pasta de carabassí scampi,15g de mantega,15.0,g,mantega
Pasta de carabassí scampi,3g de julivert,,,julivert
Pasta de carabassí scampi,1⁄2 llimona,0.5,,llimona
Pasta de carabassí scampi,7ml d'oli d'oliva,,,oli d'oliva
Pasta de carabassí scampi,400g de pasta de carbassó (veure recepta),400.0,g,pasta de carbasso
Pasta de carabassí scampi,0.3g de pebre vermell picant (opcional),0.3,g,pebre vermell picant
Pasta de carabassí scampi,10g de formatge parmesà,10.0,g,formatge parmesa
Pasta de carabassí scampi,Sal i pebre al gust,,,sal i pebre
Crema d’espinacs,400g d'espinacs,400.0,g,espinacs
Crema d’espinacs,200g de carbassó (un mitjà),200.0,g,carbasso
Crema d’espinacs,20g de mantega sense sal,20.0,g,mantega sense sal
Crema d’espinacs,50g de ceba blanca,50.0,g,ceba blanca
Crema d’espinacs,2 dents d'all,4.0,g,alls
Crema d’espinacs,350ml de brou casolà de pollastre,350.0,ml,brou de pollastre
Crema d’espinacs,40ml de nata líquida (opcional),40.0,ml,nata liquida
Crema d’espinacs,Sal i pebre al gust,,,sal i pebre
Tortitas de coliflor amb formatge i salmó fumat,200g d'arròs de coliflor (veure recepta),200.0,g,arros de coliflor
Tortitas de coliflor amb formatge i salmó fumat,1 ou,1.0,,ous
Tortitas de coliflor amb formatge i salmó fumat,30g de formatge parmesà,30.0,g,formatge parmesa
Tortitas de coliflor amb formatge i salmó fumat,4g de cibulet,4.0,g,cibulet
Tortitas de coliflor amb formatge i salmó fumat,10g de lli mòlt (opcional),10.0,g,lli molt
Tortitas de coliflor amb formatge i salmó fumat,Sal i pebre al gust,,,sal i pebre
Tortitas de coliflor amb formatge i salmó fumat,50g de salmó fumat,50.0,g,salmo fumat
Tortitas de coliflor amb formatge i salmó fumat,7ml d'oli d'oliva,,,oli d'oliva
Costelles de porc BBQ,"400g de costellam de porc complet (suposant 50% carn, 50% ossos)",400.0,g,costellam de porc complet
Costelles de porc BBQ,Sal i pebre,,,sal i pebre
Brioix de xocolata,40g de xocolata 90%,40.0,g,xocolata 90%
Brioix de xocolata,1 ou,1.0,,ous
Brioix de xocolata,2ml d'essència de vainilla,2.0,ml,essencia de vainilla
Brioix de xocolata,50g d'alvocat,50.0,g,alvocat
Brioix de xocolata,10g de mantega (o oli de coco),10.0,g,mantega
Brioix de xocolata,25ml de llet sencera o nata líquida,25.0,ml,nata liquida
Brioix de xocolata,40g de farina de ametlles,40.0,g,farina de ametlles
Brioix de xocolata,40g d'eritritol,,,eritritol
Brioix de xocolata,10g de cacau en pols sense sucre,,,cacau en pols sense sucre
Brioix de xocolata,2g de pols de coure,2.0,g,pols de coure
Brioix de xocolata,0.5g de sal,,,sal i pebre
"Crema de pastanaga coco, gingebre",600 g de pastanagues (5 mitjanes),600.0,g,pastanagues
"Crema de pastanaga coco, gingebre",2 alls,40.0,g,alls
"Crema de pastanaga coco, gingebre",10g de gingebre fresc (o 0.2g en pols),10.0,g,gingebre fresc
"Crema de pastanaga coco, gingebre",20 g de mantega sense sal,20.0,g,mantega sense sal
"Crema de pastanaga coco, gingebre",300ml de brou casolà de pollastre (o aigua),300.0,ml,brou de pollastre
"Crema de pastanaga coco, gingebre",100 ml de llet de coco,100.0,ml,llet de coco
"Crema de pastanaga coco, gingebre",0.2g de cúrcuma en pols (opcional),,,curcuma en pols
"Crema de pastanaga coco, gingebre",0.5g de pebre vermell dolç fumat (opcional),0.5,g,pebre vermell dolc fumat
"Crema de pastanaga coco, gingebre",Sal i pebre al gust,,,sal i pebre
"Crema de pastanaga coco, gingebre",Fulles de julivert o herba sana (opcional),,,julivert
Pollastre al forn a les fines herbes + patata (prebiòtica),400-500g de pollastre a trossos amb os i pell,500.0,g,pollastre a trossos amb os i pell
Pollastre al forn a les fines herbes + patata (prebiòtica),1⁄2 llimona,0.5,,llimona
Pollastre al forn a les fines herbes + patata (prebiòtica),2-3 dents d'all,6.0,g,alls
Pollastre al forn a les fines herbes + patata (prebiòtica),5g de romaní fresc (1g en pols),5.0,g,romani fresc
Pollastre al forn a les fines herbes + patata (prebiòtica),5g d'orenga fresc (0.5g en pols),5.0,g,orenga fresc
Pollastre al forn a les fines herbes + patata (prebiòtica),15g de mostassa Dijon,15.0,g,mostassa dijon
Pollastre al forn a les fines herbes + patata (prebiòtica),15ml d'oli d'oliva (una cullerada),,,oli d'oliva
Pollastre al forn a les fines herbes + patata (prebiòtica),Sal i pebre al gust,,,sal i pebre
Pa de lli,440g de lli molt (llavors de lli triturades amb la picadora),440.0,g,lli molt
Pa de lli,2 cubs de llevadura fresca,2.0,,cubs de llevadura fresca
Pa de lli,sal (un poquet),,,sal i pebre
Pa de lli,xia (una culleradeta),10.0,g,xia
Pa de lli,psyllium (una cullerada),,,psyllium
Pa de lli,2 ous sencers,2.0,,ous
Pa de lli,5 blancs d’ou1,5.0,,ous
Pa de lli,80 g d’oli d’oliva verge extra,,,oli d'oliva
Pa de lli,120 g d’aigua calenta,,,aigua
mb esclatassangs i una mica de carn,3 cullerades d’Oli d'oliva extra verge o ecològic,,,oli d'oliva
mb esclatassangs i una mica de carn,3 alls,60.0,g,alls
mb esclatassangs i una mica de carn,1 pebre de cirereta,1.0,,pebre de cirereta
mb esclatassangs i una mica de carn,1/2 kg de carn magra o costella de porc,500.0,g,carn magra
mb esclatassangs i una mica de carn,1 ceba,200.0,g,ceba
mb esclatassangs i una mica de carn,1 manat de grells,1.0,,manat de grells
mb esclatassangs i una mica de carn,1 porro (la part blanca),1.0,,porro
mb esclatassangs i una mica de carn,5 tomàtigues de ramellet ratllades,5.0,,tomatigues de ramellet ratllades
mb esclatassangs i una mica de carn,1 col (½ si és molt grossa),800.0,g,col
mb esclatassangs i una mica de carn,1/2 coliflor,450.0,g,coliflor
mb esclatassangs i una mica de carn,1 manat de julivert,,,julivert
mb esclatassangs i una mica de carn,"200g de bolets (esclata-sangs, gírgoles…)",200.0,g,bolets
mb esclatassangs i una mica de carn,Pebre vermell,,,pebre vermell
mb esclatassangs i una mica de carn,"Sal, pebre, aigua",,,sal i pebre
Truita de gambes,2 ous,2.0,,ous
Truita de gambes,7g d’oli d’oliva,,,oli d'oliva
Truita de gambes,1 all,20.0,g,alls
Truita de gambes,80g de gambes (pelades),80.0,g,gambes
Truita de gambes,Sal,,,sal i pebre
Truita de gambes,Pebre bo,,,pebre bo
Truita de gambes,Julivert,,,julivert
Pa (lli) amb oli amb pernil dolç/salat,1 llesca de pa de lli,1.0,,llesca de pa de lli
Pa (lli) amb oli amb pernil dolç/salat,15 g pernil dolç o salat,15.0,g,pernil dolc o salat
Pa (lli) amb oli amb pernil dolç/salat,7g (½ cullerada) d’oli d’oliva verge,,,oli d'oliva
Pa (lli) amb oli amb pernil dolç/salat,Sal,,,sal i pebre
Pa (lli) amb oli amb pernil dolç/salat,½ tomàtiga de remellet,0.5,,tomatiga de remellet
Crema de xampinyons i Fruits secs,600g de xampinyons,600.0,g,xampinyons
Crema de xampinyons i Fruits secs,20g de mantega sense sal,20.0,g,mantega sense sal
Crema de xampinyons i Fruits secs,100g de ceba blanca,100.0,g,ceba blanca
Crema de xampinyons i Fruits secs,1-2 alls,40.0,g,alls
Crema de xampinyons i Fruits secs,500ml de brou de pollastre (o aigua),500.0,ml,brou de pollastre
Crema de xampinyons i Fruits secs,0. 5g de tomí sec (3g si és fresc),,,tomi sec
Crema de xampinyons i Fruits secs,1 fulla de llorer (opcional),1.0,,fulla de llorer
Crema de xampinyons i Fruits secs,Sal i pebre al gust,,,sal i pebre
Crema de xampinyons i Fruits secs,50ml de nata líquida (opcional),50.0,ml,nata liquida
Crema de xampinyons i Fruits secs,"30g de fruits secs: ametlles, nous, avellanes…",30.0,g,fruits secs
"Pa de lli amb alvocat, formatge i llavoretes de sésam per damunt",Pa de lli 1 llesca,,,pa de lli 1 llesca
"Pa de lli amb alvocat, formatge i llavoretes de sésam per damunt",½ alvocat,100.0,g,alvocat
"Pa de lli amb alvocat, formatge i llavoretes de sésam per damunt",Un raig d’oli d’oliva verge,,,oli d'oliva
"Pa de lli amb alvocat, formatge i llavoretes de sésam per damunt",Sal,,,sal i pebre
"Pa de lli amb alvocat, formatge i llavoretes de sésam per damunt",30g de formatge (millor si tries un formatge de cabra),30.0,g,formatge
"Pa de lli amb alvocat, formatge i llavoretes de sésam per damunt",1 passig de sésam (per decorar),1.0,,passig de sesam
Verdures bullides amb ous bullits,60g Ceba blanca,60.0,g,ceba blanca
Verdures bullides amb ous bullits,100g pastanaga,1.0,,pastanaga
Verdures bullides amb ous bullits,200g mongetes verdes tendres,200.0,g,mongetes verdes tendres
Verdures bullides amb ous bullits,60g col,60.0,g,col
Verdures bullides amb ous bullits,2 cuixes de pollastre (reservar per demà),2.0,,cuixes de pollastre
Verdures bullides amb ous bullits,3 ous,3.0,,ous
Ous bullits ½ alvocat una mica de salmó fumat i canonges,2 ous,2.0,,ous
Ous bullits ½ alvocat una mica de salmó fumat i canonges,½ alvocat,100.0,g,alvocat
Ous bullits ½ alvocat una mica de salmó fumat i canonges,100g salmó fumat,100.0,g,salmo fumat
Ous bullits ½ alvocat una mica de salmó fumat i canonges,50g canonges,50.0,g,canonges
Ous bullits ½ alvocat una mica de salmó fumat i canonges,Oli d’oliva verge,,,oli d'oliva
Ous bullits ½ alvocat una mica de salmó fumat i canonges,Sal,,,sal i pebre
Ous bullits ½ alvocat una mica de salmó fumat i canonges,Vinagre,,,vinagre
Nabius amb iogurt grec,50g de iogurt grec (1 cullerada sopera grossa),50.0,g,iogurt grec
Nabius amb iogurt grec,40g de nabius,40.0,g,nabius
Iogurt grec amb nabius i cetogranola,150g iogurt grec,150.0,g,iogurt grec
Iogurt grec amb nabius i cetogranola,100g nabius,100.0,g,nabius
Iogurt grec amb nabius i cetogranola,30g cetogranola,30.0,g,cetogranola
Cetogranola,80g d'ametlles naturals,80.0,g,ametlles naturals
Cetogranola,70g de nous naturals,70.0,g,nous
Cetogranola,20g de llavors de carbassa,20.0,g,llavors de carbassa
Cetogranola,5-10g de chía (opcional),10.0,g,de chia
Cetogranola,20g d'ametlles filetejades (opcional),20.0,g,ametlles filetejades
Cetogranola,35g de llavors de lli mòltes,35.0,g,llavors de lli moltes
Cetogranola,10g de coco ratllat,10.0,g,coco ratllat
Cetogranola,55g d'eritritol,,,eritritol
Cetogranola,1 ou,1.0,,ous
Cetogranola,30g de mantega o oli de coco,30.0,g,mantega
Cetogranola,5ml d'essència de vainilla,5.0,ml,essencia de vainilla
Peix a la mallorquina,400g bacallà (200 per ració),400.0,g,bacalla
Peix a la mallorquina,200g patata,200.0,g,patata
Peix a la mallorquina,1 Manat bledes,1.0,,manat de bledes
Peix a la mallorquina,2 Cebes tendres,300.0,g,ceba tendra
Peix a la mallorquina,1 Manat de julivert,,,julivert
Peix a la mallorquina,1 Tomàtiga,1.0,,tomatiga
Peix a la mallorquina,6 alls,120.0,g,alls
Peix a la mallorquina,20g pinyons,20.0,g,pinyons
Peix a la mallorquina,20g panses,20.0,g,panses
Peix a la mallorquina,Un poc de pebre vermell,,,un poc de pebre vermell
Peix a la mallorquina,Sal,,,sal i pebre
Peix a la mallorquina,Oli d'oliva,,,oli d'oliva
Peix a la mallorquina,Pebre bo,,,pebre bo
Truita-pizza,3 ous,3.0,,ous
Truita-pizza,70g tomàtigues xerris,70.0,g,tomatigues xerris
Truita-pizza,30g de mozzarella ratllada,30.0,g,mozzarella ratllada
Truita-pizza,10g mantega,10.0,g,mantega
Truita-pizza,Orégano sec al gust,,,oregano sec
Truita-pizza,1 cullerada d’oli d’oliva verge,,,oli d'oliva
Truita-pizza,Sal,,,sal i pebre
Crep amb xocolata i fraules,120 grams de farina d'ametlla,120.0,g,farina d'ametlla
Crep amb xocolata i fraules,60 grams de formatge crema,60.0,g,formatge crema
Crep amb xocolata i fraules,2 ous,2.0,,ous
Crep amb xocolata i fraules,60 ml de llet (¼ tassa),60.0,ml,llet
Crep amb xocolata i fraules,"20 g de mantega líquida (fosa, al bany maria o al microones)",20.0,g,mantega
Crep amb xocolata i fraules,"20 g de mantega → haurien de ser 2 cullerades soperes, aprox.",20.0,g,mantega
Crep amb xocolata i fraules,1 pessic de sal,1.0,,pessic de sal
Crep amb xocolata i fraules,1 cullerada postres de llevadura en pols,,,llevadura en pols (postres)
Crep amb xocolata i fraules,50 g de xocolata del 90%,50.0,g,xocolata del 90%
Crep amb xocolata i fraules,2 cullerades d’oli de coco,,,oli de coco
Piteres de pollastre amb mantega aromatitzada,300g de pits de pollastre sense os i sense pell (2 unitats),300.0,g,pit de pollastre
Piteres de pollastre amb mantega aromatitzada,Sal i pebre,,,sal i pebre
Piteres de pollastre amb mantega aromatitzada,20ml d'oli d'oliva,,,oli d'oliva
Piteres de pollastre amb mantega aromatitzada,20g de mantega aromatitzada (prèviament posa la mantega algunes herbes aromàtiques,20.0,g,mantega
Espàrrecs embolicats en pernil salat,5-7 espàrrecs verds (½ manat),280.0,g,esparrecs
Espàrrecs embolicats en pernil salat,2-3 talls de pernil salat,90.0,g,pernil salat
Espàrrecs embolicats en pernil salat,Oli d'oliva,,,oli d'oliva
Hamburguesa,300g de carn picada — de boví2,300.0,g,carn picada
Hamburguesa,20g de xoriç (opcional),20.0,g,xoric
Hamburguesa,15g de mostassa Dijon (o 3g de pebre vermell dolç en pols),15.0,g,mostassa dijon
Hamburguesa,2 alls,40.0,g,alls
Hamburguesa,15g d'oli d'oliva,,,oli d'oliva
Hamburguesa,Sal i pebre al gust,,,sal i pebre
Amanida de colors,"70g de mescla de fulles verdes: col, ruca, enciams, espinacs, kale",70.0,g,mescla de fulles verds
Amanida de colors,100g de tomàquets cherry (o 1 unitat mitjana de tomàquet),100.0,g,tomaquets cherry
Amanida de colors,25g de ceba morada,25.0,g,ceba morada
Amanida de colors,100g de pastanaga,1.0,,pastanaga
Amanida de colors,20g de llavors de carbassa,20.0,g,llavors de carbassa
Amanida de colors,5g de coriandre o menta fresca (opcional),,,coriandre o menta fresca
Amanida de colors,0.5g pebre vermell picant a pols (opcional),0.5,g,pebre vermell picant a pols
Iogurt grec amb ametlles i nabius,200g iogurt grec natural,200.0,g,iogurt grec
Iogurt grec amb ametlles i nabius,100-150g de maduixes (o fruits vermells),150.0,g,de maduixes
Iogurt grec amb ametlles i nabius,30g de nous i ametlles (o cet-granola si encara en tens de feta),30.0,g,nous i ametlles
Iogurt grec amb ametlles i nabius,10-20g de chía,20.0,g,de chia
Iogurt grec amb ametlles i nabius,Canyella al gust,,,canyella
Sopes mallorquines,3 cullerades d’Oli d'oliva extra verge o ecològic,,,oli d'oliva
Sopes mallorquines,3 alls,60.0,g,alls
Sopes mallorquines,1 pebre de cirereta,1.0,,pebre de cirereta
Sopes mallorquines,600 kg de carn magra o costella de porc,600.0,g,carn magra
Sopes mallorquines,3 botifarrons,3.0,,botifarrons
Sopes mallorquines,1 ceba,200.0,g,ceba
Sopes mallorquines,1 manat de grells,1.0,,manat de grells
Sopes mallorquines,1 porro (la part blanca),1.0,,porro
Sopes mallorquines,2 tomàtigues de ramellet ratllades,2.0,,tomatigues de ramellet ratllades
Sopes mallorquines,½ col (¼ si és molt grossa),400.0,g,col
Sopes mallorquines,¼ coliflor,200.0,g,coliflor
Sopes mallorquines,1 manat de julivert,,,julivert
Sopes mallorquines,"200g de bolets (esclata-sangs, gírgoles…)",200.0,g,bolets
Sopes mallorquines,Pebre vermell dolç (en pols),,,pebre vermell dolc
Sopes mallorquines,"Sal, pebre, aigua",,,sal i pebre
Roses de carabassí amb pernils,2 carabassins,200.0,g,carabassi
Roses de carabassí amb pernils,60 g de pernil salat,60.0,g,pernil salat
Roses de carabassí amb pernils,60 g de pernil dolç,60.0,g,pernil dolc
Roses de carabassí amb pernils,60 g de formatge de barra,60.0,g,formatge de barra
Roses de carabassí amb pernils,pebre bo,,,pebre bo
Ous poché,2 ous,2.0,,ous
Ous poché,"300ml d’aigua (aprox, només és per bullir els ous)",,,aigua
Ous poché,sal,,,sal i pebre
"Frittata de salmó, espinacs i xampinyons",6ous,6.0,,ous
"Frittata de salmó, espinacs i xampinyons",10g de nata líquida(opcional),10.0,ml,nata liquida
"Frittata de salmó, espinacs i xampinyons",15g de mantega sense sal freda,15.0,g,mantega sense sal
"Frittata de salmó, espinacs i xampinyons",100g de espinacs,100.0,g,espinacs
"Frittata de salmó, espinacs i xampinyons",100g de xampinyons,100.0,g,xampinyons
"Frittata de salmó, espinacs i xampinyons",50g de ceba blanca,50.0,g,ceba blanca
"Frittata de salmó, espinacs i xampinyons",30g de formatge parmesà,30.0,g,formatge parmesa
"Frittata de salmó, espinacs i xampinyons",3g de fulles d'alfàbrega fresca (veure observacions),3.0,g,fulles d'alfabrega fresca
"Frittata de salmó, espinacs i xampinyons",Sal i pebre al gust,,,sal i pebre
Pad-thai,100 g de fulles verdes variades trempades.,100.0,g,fulles verdes variades trempades.
Pad-thai,60g de tallarins konjac,60.0,g,tallarins konjac
Pad-thai,2 alls,40.0,g,alls
Pad-thai,1g de gingebre mòlt,1.0,g,gingebre molt
Pad-thai,"10g de bitxo o en el seu defecte cayena en pols (unes bocades amb el pot, al gust)",,,bitxo o cayena en pols
Pad-thai,15 ml d'AOVE,,,oli d'oliva
Pad-thai,300g de gambes mitjanes crues i pelades,300.0,g,gambes
Pad-thai,100g de tofu ferm tallat daus,100.0,g,tofu ferm
Pad-thai,1 ou,1.0,,ous
Pad-thai,100g ceba tendra (part verda de la tija),100.0,g,ceba tendra
Pad-thai,50g de brots de soja en conserva,50.0,g,brots de soja en conserva
Pad-thai,10g de fulletes de coriandre per servir (5g cada porció),10.0,g,fulletes de coriandre per servir
Pad-thai,10g de cacauets torrats per servir (5g cada porció),,,cacauets torrats
Pad-thai,2-3g d'edulcorant per a la salsa,3.0,g,d'edulcorant per a la salsa
Pad-thai,15ml de suc de taronja per a la salsa,15.0,ml,suc de taronja per a la salsa
Pad-thai,15ml de salsa de soja per a la salsa,15.0,ml,salsa de soja per a la salsa
Pad-thai,10g de crema de cacauats per a la salsa,10.0,g,crema de cacauats per a la salsa
Fajitas de pollastre,300g de pit de pollastre sense pinyol i sense pell,300.0,g,pit de pollastre
Fajitas de pollastre,100g de ceba dolça,100.0,g,ceba dolca
Fajitas de pollastre,100g de pebrot vermell (o verd o mixts),100.0,g,pebrot vermell
Fajitas de pollastre,10ml d'AOVE,,,oli d'oliva
Fajitas de pollastre,40g d'alvocat per servir (20g cada porció),40.0,g,alvocat
Fajitas de pollastre,4 ous,4.0,,ous
Fajitas de pollastre,140 g de formatge crema,140.0,g,formatge crema
Fajitas de pollastre,3 cullerades de psillium,3.0,,cullerades de psillium
Fajitas de pollastre,sal,,,sal i pebre
Lasanya,8 ous,8.0,,ous
Lasanya,175 g de formatge crema,175.0,g,formatge crema
Lasanya,5-6 cullerades de psyllium,6.0,,cullerades de psyllium
Lasanya,sal,,,sal i pebre
Lasanya,100 g ceba,100.0,g,ceba
Lasanya,2 all,40.0,g,alls
Lasanya,100 g pebre vermell,100.0,g,pebre vermell
Lasanya,1/2kg de carn picada de por i vedella (o del que vulguis),500.0,g,carn de porc i vedella
Lasanya,"200 ml salsa de tomàtiga casolana (si l’has de comprar, compra-la de tomàtiga natural",200.0,ml,"salsa de tomatiga casolana (si l'has de comprar, compra-la de tomatiga natural"
Lasanya,"100 g Formatges: pot ser formatge ratllat per fondre, mozzarella, pots posar una mica de",100.0,g,"formatges: pot ser formatge ratllat per fondre, mozzarella, pots posar una mica de"
"Amanida de ruca, edame i alvocat",50 g de ruca,50.0,g,ruca
"Amanida de ruca, edame i alvocat",50 g d’edame,50.0,g,edame
"Amanida de ruca, edame i alvocat",20g mozarela,20.0,g,mozarela
"Amanida de ruca, edame i alvocat",20g ceba morada,20.0,g,ceba morada
"Amanida de ruca, edame i alvocat",4 tomàtigues xerri,4.0,,tomatigues xerri
"Amanida de ruca, edame i alvocat",¼ alvocat,50.0,g,alvocat
"Amanida de ruca, edame i alvocat","OOVE, sal i llimona",0.5,,llimona
Espaguetis (konjac) marinera amb cloïsses i musclos,1 ració d’espaguetis konjac,1.0,,racio d'espaguetis konjac
Espaguetis (konjac) marinera amb cloïsses i musclos,80 g de cloisses i musclos (almejas i mejillons) pes sense closques,80.0,g,almejas i mejillons (sense closques)
Espaguetis (konjac) marinera amb cloïsses i musclos,1 tomàtiga,1.0,,tomatiga
Espaguetis (konjac) marinera amb cloïsses i musclos,2 alls,40.0,g,alls
Espaguetis (konjac) marinera amb cloïsses i musclos,40ml vi blanc (opcional),40.0,ml,vi blanc
Espaguetis (konjac) marinera amb cloïsses i musclos,julivert,,,julivert
Espaguetis (konjac) marinera amb cloïsses i musclos,15 olives,15.0,,olives
Espaguetis (konjac) marinera amb cloïsses i musclos,20 g de tàperes,20.0,g,taperes
Espaguetis (konjac) marinera amb cloïsses i musclos,2 cullerades d’OOVE,2.0,,cullerades de oove
Espaguetis (konjac) marinera amb cloïsses i musclos,Sal i pebre bo,,,sal i pebre
Espinacs saltejats amb pinyons i ametlles,300 g d’espinacs,300.0,g,espinacs
Espinacs saltejats amb pinyons i ametlles,½ ceba,100.0,g,ceba
Espinacs saltejats amb pinyons i ametlles,1 all,20.0,g,alls
Espinacs saltejats amb pinyons i ametlles,50 g d’ametlles,50.0,g,ametlles
Espinacs saltejats amb pinyons i ametlles,20 g de pinyons,20.0,g,pinyons
Espinacs saltejats amb pinyons i ametlles,"OOVE, sal i pebre bo",,,oli d'oliva
"Iogurt grec amb flocs de civada, ametlles, tahin i nabius",125 g de iogurt grec,125.0,g,iogurt grec
"Iogurt grec amb flocs de civada, ametlles, tahin i nabius",30 g de flocs de civada,30.0,g,flocs de civada
"Iogurt grec amb flocs de civada, ametlles, tahin i nabius","30g de fruits secs: ametlles, avellanes, cacahuets, crema de cacahuet, tahin, pipes girasol,",30.0,g,fruits secs
"Iogurt grec amb flocs de civada, ametlles, tahin i nabius",1 cullerada de tahin,1.0,,cullerada de tahin
"Iogurt grec amb flocs de civada, ametlles, tahin i nabius",100 g de nabius o altres fruits vermells. També pot ser qualsevol altre fruita! (els fruits,100.0,g,nabius
Pitreres de pollastre amb verduretes (al forn) i espècies,400 g de pitreres de pollastre,400.0,g,pitrera de pollastre
Pitreres de pollastre amb verduretes (al forn) i espècies,150 g de xampinyons,150.0,g,xampinyons
Pitreres de pollastre amb verduretes (al forn) i espècies,100 g de carabassa,100.0,g,carabassa
Pitreres de pollastre amb verduretes (al forn) i espècies,1 pastanaga,1.0,,pastanaga
Pitreres de pollastre amb verduretes (al forn) i espècies,1 ceba morada,200.0,g,ceba morada
Pitreres de pollastre amb verduretes (al forn) i espècies,1 porro,1.0,,porro
Cols de brussel·les amb pinyons i parmesà,250 g de cols de brusselles,250.0,g,cols de brusselles
Cols de brussel·les amb pinyons i parmesà,9 g (1 cullerada) de pinyons,9.0,g,pinyons
Cols de brussel·les amb pinyons i parmesà,12 ml d’OOVE (1 cullerada sopera),12.0,ml,oove
Cols de brussel·les amb pinyons i parmesà,2 alls,40.0,g,alls
Cols de brussel·les amb pinyons i parmesà,1 guindilla (opcional),1.0,,guindilla
Cols de brussel·les amb pinyons i parmesà,10 g de parmesano,10.0,g,formatge parmesa
Cols de brussel·les amb pinyons i parmesà,"Sal, pebre bò",,,"sal, pebre bo"
Iogurt grec amb ametlles,125 g iogurt grec,125.0,g,iogurt grec
Iogurt grec amb ametlles,30 g d’ametlles,30.0,g,ametlles
"Truita d’espàrrecs, all i cúrcuma",6 ous,6.0,,ous
"Truita d’espàrrecs, all i cúrcuma",100 g d’espàrrecs,100.0,g,esparrecs
"Truita d’espàrrecs, all i cúrcuma",2 alls,40.0,g,alls
"Truita d’espàrrecs, all i cúrcuma",4 g de cúrcuma fresca rallada,4.0,g,curcuma fresca rallada
Pasta de carabassí amb bròquil feta i alfabaguera/herba sana,300 g de pasta de carabassí,300.0,g,pasta de carabassi
Pasta de carabassí amb bròquil feta i alfabaguera/herba sana,100 g de carn picada,100.0,g,carn picada
Pasta de carabassí amb bròquil feta i alfabaguera/herba sana,100 g feta,100.0,g,feta
Pasta de carabassí amb bròquil feta i alfabaguera/herba sana,20 g d’alfabaguera fresca o herba sana,20.0,g,alfabaguera fresca o herba sana
Pasta de carabassí amb bròquil feta i alfabaguera/herba sana,"OOVE, sal i pebre bo",,,oli d'oliva
Crema detox de xirivia i carxofa,½ L de brou de verdures (o de pollastre),500.0,ml,brou de verdures
Crema detox de xirivia i carxofa,½ ceba,100.0,g,ceba
Crema detox de xirivia i carxofa,1 porro,1.0,,porro
Crema detox de xirivia i carxofa,50 g de xirivia,50.0,g,xirivia
Crema detox de xirivia i carxofa,125 g de carxofes pelades (fresques),125.0,g,carxofes
Crema detox de xirivia i carxofa,1 culleradeta de cafè de cúrcuma,1.0,,culleradeta de cafe de curcuma
Crema detox de xirivia i carxofa,1 cullerada de postres de miso,1.0,,cullerada de postres de miso
Crema detox de xirivia i carxofa,Suc de llimona (menys de mitja llimona),0.5,,llimona
Crema detox de xirivia i carxofa,"OOVE, sal i pebre bo",,,oli d'oliva
Crema detox de xirivia i carxofa,1 cullerada de pipes de carabassa,1.0,,cullerada de pipes de carabassa
Crema detox de xirivia i carxofa,1 cullerada de pipes de girasol,1.0,,cullerada de pipes de girasol
"Amanida de ruca amb iogurt grec, ametlles i tahin",50 g de ruca,50.0,g,ruca
"Amanida de ruca amb iogurt grec, ametlles i tahin",4 xerris,4.0,,xerris
"Amanida de ruca amb iogurt grec, ametlles i tahin",10 g de coriandre o julivert,,,julivert
"Amanida de ruca amb iogurt grec, ametlles i tahin",10-20 g de ceba morada,20.0,g,ceba morada
"Amanida de ruca amb iogurt grec, ametlles i tahin",2 cullerada sopera de iogurt grec,30.0,g,iogurt grec
"Amanida de ruca amb iogurt grec, ametlles i tahin",30 g d’ametlles,30.0,g,ametlles
"Amanida de ruca amb iogurt grec, ametlles i tahin",2 cullerades de postres de tahin,2.0,,cullerades de postres de tahin
"Amanida de ruca amb iogurt grec, ametlles i tahin","OOVE, sal i llimona",0.5,,llimona
Salmó a la planxa amb xampinyons farcits de formatge blau,200 g de salmó fresc,200.0,g,salmo fresc
Salmó a la planxa amb xampinyons farcits de formatge blau,200 g de xampinyons,200.0,g,xampinyons
Salmó a la planxa amb xampinyons farcits de formatge blau,50 g de formatge blau,50.0,g,formatge blau
Salmó a la planxa amb xampinyons farcits de formatge blau,"OOVE, sal i pebre bo",,,oli d'oliva
Truita de carxofes,2 ous,2.0,,ous
Truita de carxofes,2 carxofes tendres,2.0,,carxofes tendres
Truita de carxofes,"OOVE, sal i pebre bò",,,oli d'oliva
Amanida d’escarola amb bolets,50 g de nous,50.0,g,nous
Amanida d’escarola amb bolets,½ ceba tendre,100.0,g,ceba tendra
Amanida d’escarola amb bolets,100g d’escarola,100.0,g,escarola
Amanida d’escarola amb bolets,2 llauna de sardines en oli (pot ser picant si t’agrada),2.0,,llauna de sardines en oli
Amanida d’escarola amb bolets,"100 g de bolets (millor maitake, shiitake… sinó xampinyons o gírgoles)",100.0,g,bolets
Amanida d’escarola amb bolets,6 tomàtigues xerris,6.0,,tomatigues xerris
Amanida d’escarola amb bolets,2 cullerades de julivert fresc picat (o coriandre si t’agrada més),,,julivert
Amanida d’escarola amb bolets,suc de ½ llimona,0.5,,llimona
Amanida d’escarola amb bolets,"OOVE, sal i pebre bo",,,oli d'oliva
Sopa miso,300 ml de brou de verdures o de pollastre,300.0,ml,brou de verdures o pollastre
Sopa miso,"1 full d’alga nori / ortigues (si tens tiroides posa ortigues, no alga)",1.0,,full d'alga nori / ortigues
Sopa miso,1 cullerada cafè miso,1.0,,cullerada de cafe miso
Sopa miso,1 grell,1.0,,grell
Sopa miso,30 g de bolets (dels que tenguis),30.0,g,bolets
Sopa miso,2 ous / 1 llauna de tonyina / una mica de pernil…,2.0,,ous
Pudding de xía amb fruits vermells i ametlles,70 ml llet d’ametlla,70.0,ml,llet d'ametlla
Pudding de xía amb fruits vermells i ametlles,70 ml de kefir (cabra o ovella),70.0,ml,kefir
Pudding de xía amb fruits vermells i ametlles,3 cullerades soperes de xía,30.0,g,xia
Pudding de xía amb fruits vermells i ametlles,1 cullerades de postres d’eritritol (opcional),,,eritritol
Pudding de xía amb fruits vermells i ametlles,8 g d’ametlles,8.0,g,ametlles
Pudding de xía amb fruits vermells i ametlles,25g de fruits vermells,25.0,g,fruits vermells
Estofat de vedella,1 Ració,1.0,,racio
Estofat de vedella,"200 g de carn de vedella per estofar, tallada a trossos",200.0,g,carn de vedella
Estofat de vedella,1 pastanaga,1.0,,pastanaga
Estofat de vedella,100 g de mongetes verdes,100.0,g,mongetes verdes
Estofat de vedella,1/2 ceba,100.0,g,ceba
Estofat de vedella,1 gra d'all,4.0,g,alls
Estofat de vedella,1 tassa (250 ml) de brou de carn,250.0,ml,brou de carn
Estofat de vedella,1 tomàtiga de ramallet rallada,1.0,,tomatiga de ramallet rallada
Estofat de vedella,1 fulla de llorer,1.0,,fulla de llorer
Estofat de vedella,moraduix,,,moraduix
Estofat de vedella,Sal i pebre al gust,,,sal i pebre
Estofat de vedella,1 cullerada d'oli d'oliva (OOVE),,,oli d'oliva
Bacallà a la mallorquina,400g bacallà (200 per ració),400.0,g,bacalla
Bacallà a la mallorquina,1 Manat bledes,1.0,,manat de bledes
Bacallà a la mallorquina,2 Cebes tendres,300.0,g,ceba tendra
Bacallà a la mallorquina,1 Manat de julivert,,,julivert
Bacallà a la mallorquina,1 Tomàtiga,1.0,,tomatiga
Bacallà a la mallorquina,3 alls,60.0,g,alls
Bacallà a la mallorquina,20 g pinyons,20.0,g,pinyons
Bacallà a la mallorquina,20 g d’ametlles,20.0,g,ametlles
Bacallà a la mallorquina,Un poc de pebre vermell,,,un poc de pebre vermell
Bacallà a la mallorquina,Sal,,,sal i pebre
Bacallà a la mallorquina,Oli d'oliva,,,oli d'oliva
Bacallà a la mallorquina,Pebre bo,,,pebre bo
Pa (lli) amb pernil i alvocat,100 g de salmó fumat,100.0,g,salmo fumat
Pa (lli) amb pernil i alvocat,1 ou,1.0,,ous
Pa (lli) amb pernil i alvocat,30 g de formatge semicurat,30.0,g,formatge semicurat
Pa (lli) amb pernil i alvocat,30 g de pernil salat,30.0,g,pernil salat
Pa (lli) amb pernil i alvocat,50 g d’amanida,50.0,g,amanida
Pa (lli) amb pernil i alvocat,"OOVE, sal i vinagre o llimona",0.5,,llimona
Roses de pollastre amb pernil i formatge,200 g de pitrera de pollastre,200.0,g,pitrera de pollastre
Roses de pollastre amb pernil i formatge,50 g de formatge tallat a llesques finetes,50.0,g,formatge tallat a llesques finetes
Roses de pollastre amb pernil i formatge,50 g de pernil dolç,50.0,g,pernil dolc
Roses de pollastre amb pernil i formatge,1 ou,1.0,,ous
Roses de pollastre amb pernil i formatge,70 g de fulles verdes,70.0,g,fulles verdes
Roses de pollastre amb pernil i formatge,"OOVE, sal i vinagre de poma",,,vinagre de poma
Pastís de carn,200 g de carn picada,200.0,g,carn picada
Pastís de carn,1 porro,1.0,,porro
Pastís de carn,5 g de fulles d’api,5.0,g,fulles d'api
Pastís de carn,½ ceba,100.0,g,ceba
Pastís de carn,1 pastanaga,1.0,,pastanaga
Pastís de carn,125 ml de brou,125.0,ml,brou de carn
Pastís de carn,50 ml de vi tinto (o qualsevol altre),50.0,ml,vi tinto
Pastís de carn,4 tomàtigues de ramallet,4.0,,tomatigues de ramallet
Pastís de carn,15 g de mantega,15.0,g,mantega
Pastís de carn,15 g de parmesà,15.0,g,formatge parmesa
Pastís de carn,2 ous,2.0,,ous
Pastís de carn,nou moscada,,,nou moscada
Pastís de carn,200 g de coliflor,200.0,g,coliflor
Pastís de carn,"OOVE, sal, pebre bo",,,"oove, sal, pebre bo"
Pastís de carn,70 g de fulles verdes,70.0,g,fulles verdes
Truita d'espinacs amb formatge blau i cúrcuma,3 ous,3.0,,ous
Truita d'espinacs amb formatge blau i cúrcuma,1 all,20.0,g,alls
Truita d'espinacs amb formatge blau i cúrcuma,100 g d’espinacs,100.0,g,espinacs
Truita d'espinacs amb formatge blau i cúrcuma,30 g de formatge blau,30.0,g,formatge blau
Truita d'espinacs amb formatge blau i cúrcuma,10 g de cúrcuma fresca,10.0,g,curcuma fresca
Truita d'espinacs amb formatge blau i cúrcuma,"OOVE, sal, pebre bo",,,"oove, sal, pebre bo"
Rollet pernil salat amb espàrrecs blancs,3 espàrrecs blancs,240.0,g,esparrecs blancs
Rollet pernil salat amb espàrrecs blancs,3 llesques de pernil salat,3.0,,lesques de pernil salat
Coes de llagostins amb bolets,250 g de coes de llagostins,250.0,g,llagostins
Coes de llagostins amb bolets,"200 g de bolets (tria: gírgoles, shiitake, xampinyons, shimejis…)",200.0,g,bolets
Coes de llagostins amb bolets,2 alls,40.0,g,alls
Coes de llagostins amb bolets,"OOVE, sal i pebre bo",,,oli d'oliva
Calamar a la planxa amb bledes saltejades amb all i cúrcuma,1 calamar (o 2 si son petits),1.0,,calamar
Calamar a la planxa amb bledes saltejades amb all i cúrcuma,2 alls,40.0,g,alls
Calamar a la planxa amb bledes saltejades amb all i cúrcuma,150 - 200 g de bledes,200.0,g,de bledes
Calamar a la planxa amb bledes saltejades amb all i cúrcuma,5 g de cúrcuma fresca,5.0,g,curcuma fresca
Calamar a la planxa amb bledes saltejades amb all i cúrcuma,"OOVE, sal",,,"oove, sal"
Dorada a la sal amb maionesa,1 Daurada,1.0,,daurada
Dorada a la sal amb maionesa,1 kg de sal gruixuda per enfornar,1.0,kg,sal gruixuda per enfornar
Dorada a la sal amb maionesa,1 ou,1.0,,ous
Dorada a la sal amb maionesa,1 all,20.0,g,alls
Dorada a la sal amb maionesa,llimona,1.0,,llimona
Dorada a la sal amb maionesa,"OOVE, vinagre, sal",,,"oove, vinagre, sal"
Dorada a la sal amb maionesa,70 g de fulles verdes,70.0,g,fulles verdes
Truita de Xampinyons amb Formatge de Cabra,30 g xampinyons,30.0,g,xampinyons
Truita de Xampinyons amb Formatge de Cabra,20 g formatge de cabra,20.0,g,formatge de cabra
Truita de Xampinyons amb Formatge de Cabra,2 ous,2.0,,ous
Truita de Xampinyons amb Formatge de Cabra,"5-7 g d’oli d’oliva, sal pebre bo",,,oli d'oliva
Pit de Pollastre al Forn amb Herbes Mediterrànies,300 g Pitrera de pollastre,300.0,g,pitrera de pollastre
Pit de Pollastre al Forn amb Herbes Mediterrànies,"Herbes mediterrànies (romaní, tomí, orenga)",,,herbes mediterranies
Pit de Pollastre al Forn amb Herbes Mediterrànies,"Oli d'oliva, sal i pebre al gust",,,oli d'oliva
Amanida de Salmó Fumat amb Alvocat i Amaniment d'Oli d'Oliva,200 g Salmó fumat,200.0,g,salmo fumat
Amanida de Salmó Fumat amb Alvocat i Amaniment d'Oli d'Oliva,½ Alvocat,100.0,g,alvocat
Amanida de Salmó Fumat amb Alvocat i Amaniment d'Oli d'Oliva,"Oli d'oliva, llimona, sal i pebre al gust",0.5,,llimona
Rotllets d'Enciam amb Carn de vedella i Guacamole,3 fulles d'enciam (romana),3.0,,fulles de enciam
Rotllets d'Enciam amb Carn de vedella i Guacamole,"200 g de carn picada (pot ser de vedella, pollastre o porc)",200.0,g,carn picada
Rotllets d'Enciam amb Carn de vedella i Guacamole,"100g de Guacamole (alvocat, tomàquet, ceba, coriandre, llimona o lima)",,,guacamole
Rotllets d'Enciam amb Carn de vedella i Guacamole,10ml d’oli d’oliva,,,oli d'oliva
Salmó al Forn,150 g de salmó fresc,150.0,g,salmo fresc
Salmó al Forn,Pesto d'alfàbrega /,,,pesto d'alfabrega /
Salmó al Forn,"Oli d'oliva, sal i pebre al gust",,,oli d'oliva
Pesto d’alfàbrega,30 g fulles fresques de alfàbrega ),30.0,g,fulles fresques de alfabrega )
Pesto d’alfàbrega,40 g Pinyons,40.0,g,pinyons
Pesto d’alfàbrega,50 g formatge parmesà ratllat,50.0,g,formatge parmesa
Pesto d’alfàbrega,2 alls All,40.0,g,alls
Pesto d’alfàbrega,120 ml Oli d'oliva verge extra,,,oli d'oliva
Pesto d’alfàbrega,Sal i pebre al gust,,,sal i pebre
Ous Remenats amb Espinacs i Alvocat,3 Ous,3.0,,ous
Ous Remenats amb Espinacs i Alvocat,100 g espinacs frescos,100.0,g,espinacs frescos
Ous Remenats amb Espinacs i Alvocat,½ Alvocat,100.0,g,alvocat
Ous Remenats amb Espinacs i Alvocat,Sal i pebre al gust,,,sal i pebre
Ous Remenats amb Espinacs i Alvocat,10 g mantega per cuinar,10.0,g,mantega
Pit de Gall d'Indi a la Graella amb Bròquil al Vapor,Pits de gall d'indi (3 unitats) → per dos dies,450.0,g,gall dindi
Pit de Gall d'Indi a la Graella amb Bròquil al Vapor,250 g Bròquil,250.0,g,broquil
Pit de Gall d'Indi a la Graella amb Bròquil al Vapor,10 g Oli d'oliva verge extra,,,oli d'oliva
Pit de Gall d'Indi a la Graella amb Bròquil al Vapor,Sal i pebre al gust,,,sal i pebre
Pit de Gall d'Indi a la Graella amb Bròquil al Vapor,Opcional: herbes mediterrànies,,,opcional: herbes mediterranies
Amanida de Llagostins amb Alvocat i Amaniment de Llimona,200 g de llagostins,200.0,g,llagostins
Amanida de Llagostins amb Alvocat i Amaniment de Llimona,½ Alvocat,100.0,g,alvocat
Amanida de Llagostins amb Alvocat i Amaniment de Llimona,70 g d’enciam,70.0,g,enciam
Amanida de Llagostins amb Alvocat i Amaniment de Llimona,"Llimona (mitja, sucs i ratlladura)",1.0,,llimona
Amanida de Llagostins amb Alvocat i Amaniment de Llimona,10 g Oli d'oliva verge extra,,,oli d'oliva
Amanida de Llagostins amb Alvocat i Amaniment de Llimona,Sal i pebre al gust,,,sal i pebre
Pit de cal d’indi (d’ahir) amb amanida verda amb formatge brie,Pit de cal d’indi d’ahir a migdia,,,pit de cal d'indi d'ahir a migdia
Pit de cal d’indi (d’ahir) amb amanida verda amb formatge brie,"70-100 g d’amanida verda (fulles de lletuga, espinacs, rúcula, etc.)",100.0,g,d'amanida verda
Pit de cal d’indi (d’ahir) amb amanida verda amb formatge brie,60 g formatge brie (quantitat segons preferència),60.0,g,formatge brie
Truita amb formatge blau i espinacs,4 Ous,4.0,,ous
Truita amb formatge blau i espinacs,40 g formatge blau (quantitat al gust),40.0,g,formatge blau
Truita amb formatge blau i espinacs,100 g Espinacs frescos,100.0,g,espinacs frescos
Pollastre Torrat amb Ruca Trempada,250g de Pitrera de pollastre,250.0,g,pitrera de pollastre
Pollastre Torrat amb Ruca Trempada,50-100g Ruca,100.0,g,ruca
Pollastre Torrat amb Ruca Trempada,7-10 g Oli d'oliva,,,oli d'oliva
Pollastre Torrat amb Ruca Trempada,1 All,20.0,g,alls
Pollastre Torrat amb Ruca Trempada,Llimona (sucs),0.5,,llimona
Pollastre Torrat amb Ruca Trempada,Sal i pebre al gust,,,sal i pebre
Gambes al ajillo amb Espinacs Saltejats,200 g Gambes,200.0,g,gambes
Gambes al ajillo amb Espinacs Saltejats,100 g Espinacs frescs,100.0,g,espinacs frescs
Gambes al ajillo amb Espinacs Saltejats,2 cullerades d’oli d'oliva,,,oli d'oliva
Gambes al ajillo amb Espinacs Saltejats,2 alls,40.0,g,alls
Gambes al ajillo amb Espinacs Saltejats,Guindilla (opcional),,,guindilla
Gambes al ajillo amb Espinacs Saltejats,Sal i pebre al gust,,,sal i pebre
Pebrots farcits de peix i formatge.,"400g de peix (si ho fas amb rap queda molt bé, però pot ser qualsevol altre peix)",400.0,g,peix
Pebrots farcits de peix i formatge.,200 g de formatge brie,200.0,g,formatge brie
Pebrots farcits de peix i formatge.,4 pebrots vermells,4.0,,pebrots vermells
Pebrots farcits de peix i formatge.,1 ceba,200.0,g,ceba
Pebrots farcits de peix i formatge.,2 alls,40.0,g,alls
Pebrots farcits de peix i formatge.,2 tomàtigues,2.0,,tomatigues
Pebrots farcits de peix i formatge.,"1 ou (opcional, per lligar)",1.0,,ous
Pebrots farcits de peix i formatge.,10g d’oli d'oliva,,,oli d'oliva
Pebrots farcits de peix i formatge.,Sal i pebre al gust,,,sal i pebre
Ou bullit amb salmó fumat i ½ alvocat,2 OU,2.0,,ous
Ou bullit amb salmó fumat i ½ alvocat,100 g de salmó fumat,100.0,g,salmo fumat
Ou bullit amb salmó fumat i ½ alvocat,½ ALVOCAT,100.0,g,alvocat
Ou bullit amb salmó fumat i ½ alvocat,50 g de ruca,50.0,g,ruca
Ou bullit amb salmó fumat i ½ alvocat,"oli, sal i llimona",0.5,,llimona
Ous remenats o fregits amb cuixot salat,3 ous,3.0,,ous
Ous remenats o fregits amb cuixot salat,35 g de pernil,35.0,g,pernil
Ous remenats o fregits amb cuixot salat,8 ml d'oli d'oliva (1⁄2 cullerada),,,oli d'oliva
Ous remenats o fregits amb cuixot salat,Sal i pebre al gust,,,sal i pebre
Espàrrecs saltejats,200g d’espàrrecs,200.0,g,esparrecs
Espàrrecs saltejats,10 g de mantega,10.0,g,mantega
Espàrrecs saltejats,pebre bo i sal,,,sal i pebre
Pollastre al forn a les fines herbes,400g de pollastre a trossos amb os i pell,400.0,g,pollastre a trossos amb os i pell
Pollastre al forn a les fines herbes,1⁄2 llimona,0.5,,llimona
Pollastre al forn a les fines herbes,2-3 dents d'all,6.0,g,alls
Pollastre al forn a les fines herbes,5g de romaní fresc (1g en pols),5.0,g,romani fresc
Pollastre al forn a les fines herbes,5g d'orenga fresc (0.5g en pols),5.0,g,orenga fresc
Pollastre al forn a les fines herbes,15g de mostassa Dijon,15.0,g,mostassa dijon
Pollastre al forn a les fines herbes,15ml d'oli d'oliva (una cullerada),,,oli d'oliva
Pollastre al forn a les fines herbes,Sal i pebre al gust,,,sal i pebre
Broqueta de gambes amb xoriç,llagostins,250.0,g,llagostins
